r1,r2,mag_r,angle_1,angle_2,r1_max,r2_max
-137.70357083831206,600.0000000000006,615.5991174633234,-77.07412308564356,77.07412308564356,49.04832635008873,318.2044022304638
