r1,r2,mag_r,angle_1,angle_2,r1_max,r2_max
-138.8681348474264,599.9999999999483,615.8606651475161,-76.96852475869034,76.96852475869034,7.537440139174803,51.50810100480064
