r1,r2,mag_r,angle_1,angle_2,r1_max,r2_max
-138.17004338145054,599.9999999995913,615.7036307246706,-77.03181432484894,77.03181432484894,3.3102611899850545,20.07989608865857
