r1,r2,mag_r,angle_1,angle_2,r1_max,r2_max
-140.47545693158588,600.0000000000188,616.2250838777665,-76.82292675420832,76.82292675420832,14.281218179340737,82.57382276936148
