r1,r2,mag_r,angle_1,angle_2,r1_max,r2_max
-141.3491756602059,599.999999999999,616.4248449404181,-76.74385412881776,76.74385412881776,13.205805968096659,271.1393008014629
