r1,r2,mag_r,angle_1,angle_2,r1_max,r2_max
-139.1932208457057,600.0000000000496,615.9340490096816,-76.93906321579668,76.93906321579668,8.851184312297203,51.29973045507743
