r1,r2,mag_r,angle_1,angle_2,r1_max,r2_max
-139.84641867922494,599.9999999999912,616.0819919599944,-76.87988716637662,76.87988716637662,11.540754341553221,83.0596850572158
