r1,r2,mag_r,angle_1,angle_2,r1_max,r2_max
-141.32525501876663,600.0000000000078,616.4193602622559,-76.74601829346899,76.74601829346899,15.465929638347575,141.67729571453032
