r1,r2,mag_r,angle_1,angle_2,r1_max,r2_max
-128.8903344790564,599.9999999999982,613.687801998802,-77.87612979768151,77.87612979768151,1.7656576478266004,315.3550718159003
