r1,r2,mag_r,angle_1,angle_2,r1_max,r2_max
-143.4367074256415,599.9999999999999,616.9068722563471,-76.55513843506908,76.55513843506908,27.140542465807947,274.00243189370883
