r1,r2,mag_r,angle_1,angle_2,r1_max,r2_max
-142.43126569662672,600.0000000000031,616.673872843618,-76.64599489551803,76.64599489551803,21.970549647064647,140.66828712418354
