r1,r2,mag_r,angle_1,angle_2,r1_max,r2_max
-138.50983497012967,600.0000000000437,615.7799723793435,-77.00100449831217,77.00100449831217,5.416195446134752,32.15515577868874
