r1,r2,mag_r,angle_1,angle_2,r1_max,r2_max
-138.35027072416378,599.9999999999403,615.7441005883677,-77.0154716705588,77.0154716705588,4.695618766254275,32.258609721279235
