eps_11,eps_22,gam_12,sig_11,sig_22,sig_12
1.7681236114995792e-09,-6.422646405411554e-09,-4.536939773662782e-09,-134.61533994822972,-599.9999999999986,-128.89033447905632
