eps_11,eps_22,gam_12,sig_11,sig_22,sig_12
5.822176831161188e-11,-2.724457986485042e-10,-2.712103252278735e-10,-7.511340453855,-26.299270394770684,-7.704838784882768
