eps_11,eps_22,gam_12,sig_11,sig_22,sig_12
6.134140448204385e-10,-2.9766347722278545e-09,-3.2085311648652055e-09,-84.50151146385971,-288.4815578870581,-91.15145354730697
