eps_11,eps_22,gam_12,sig_11,sig_22,sig_12
8.266271921529252e-12,-4.535990939786991e-11,-4.8448528279267046e-11,-1.4037414931626393,-4.450683613583045,-1.376378644297359
