eps_11,eps_22,gam_12,sig_11,sig_22,sig_12
2.4301872320947904e-09,-1.2324793991574039e-08,-9.69433138701717e-09,-361.6487941097277,-1200.0000000000018,-275.4071416766242
