eps_11,eps_22,gam_12,sig_11,sig_22,sig_12
3.1038688861587093e-10,-1.5965026435603543e-09,-1.8173795625012456e-09,-47.319722487456,-155.66571863383243,-51.630101207421745
