eps_11,eps_22,gam_12,sig_11,sig_22,sig_12
2.5772825302869213e-11,-1.4424302682668096e-10,-1.630844361983044e-10,-4.518978437276964,-14.178970035546858,-4.633080573815466
