eps_11,eps_22,gam_12,sig_11,sig_22,sig_12
1.8761845513629622e-12,-8.433260119790839e-12,-7.30522431339071e-12,-0.22456403778507802,-0.8103279395551802,-0.20753478163041786
