eps_11,eps_22,gam_12,sig_11,sig_22,sig_12
1.8842804288360324e-11,-8.62984117089392e-11,-8.009405358861115e-11,-2.336234979604723,-8.310167706724013,-2.275399249676453
