eps_11,eps_22,gam_12,sig_11,sig_22,sig_12
8.104402089295268e-11,-4.616197867736789e-10,-5.556507995678647e-10,-14.616224362432044,-45.44939525258155,-15.78553407863252
