eps_11,eps_22,gam_12,sig_11,sig_22,sig_12
5.9900810794069235e-12,-2.708753569192416e-11,-2.4040402639543157e-11,-0.7251824948578005,-2.6045925386834297,-0.6829659840779305
