eps_11,eps_22,gam_12,sig_11,sig_22,sig_12
2.6086143483658516e-12,-1.4174457792316199e-11,-1.4616939905743113e-11,-0.4359167829312508,-1.3895004272881855,-0.41525397459497476
