eps_11,eps_22,gam_12,sig_11,sig_22,sig_12
1.8194718967598743e-10,-8.642101114876243e-10,-9.336937261350685e-10,-24.11981481950258,-83.56057056743506,-26.525389947018986
